Total infected,Super spreaders,Normal spreaders,Time,Event
20,0,20,0.23014911084140396,0
20,0,20,0.2645069363211995,1
20,0,20,0.29250166030526814,2
20,0,20,0.4002871628997905,3
20,0,20,0.6417465583885709,5
20,0,20,0.7708024626654887,6
20,0,20,0.7962913311231652,7
20,0,20,0.8878505353114887,8
20,0,20,1.0029003486299273,10
