Event,Simulation Time,Event Type,Individual
0,0.23014911084140396,infection,5
1,0.2645069363211995,infection,6
2,0.29250166030526814,infection,0
3,0.4002871628997905,infection,5
4,0.427657968459836,movement,4
5,0.6417465583885709,infection,9
6,0.7708024626654887,infection,6
7,0.7962913311231652,infection,15
8,0.8878505353114887,infection,17
9,0.8893201779363105,movement,6
10,1.0029003486299273,infection,3
